<?xml version="1.0" encoding="utf-8"?>
<PNNLProteomics>
  <MSnLinker type="node">
    <MZTolerance type="Double">0.15</MZTolerance>
  </MSnLinker>
  <LCMSFeatureFinding type="node">
    <StoreMSFeatureResults type="Boolean">False</StoreMSFeatureResults>
    <IsIsotopicPeakFitFilterInverted type="Boolean">False</IsIsotopicPeakFitFilterInverted>
    <IsotopicFitFilter type="Double">0.15</IsotopicFitFilter>
    <IsotopicIntensityFilter type="Int32">0</IsotopicIntensityFilter>
    <MaxDistance type="Double">0.1</MaxDistance>
    <MinUMCLength type="Int32">3</MinUMCLength>
    <UseIsotopicPeakFitFilter type="Boolean">False</UseIsotopicPeakFitFilter>
    <UseIsotopicPeakIntensityFilter type="Boolean">False</UseIsotopicPeakIntensityFilter>
    <UMCAbundanceReportingType type="MultiAlignCore.Algorithms.FeatureFinding.AbundanceReportingType">Sum</UMCAbundanceReportingType>
    <SplitFeatures type="Boolean">False</SplitFeatures>
    <AveMassWeight type="Single">0.01</AveMassWeight>
    <ConstraintAveMass type="Single">6</ConstraintAveMass>
    <ConstraintMonoMass type="Single">6</ConstraintMonoMass>
    <FitWeight type="Single">0.1</FitWeight>
    <LogAbundanceWeight type="Single">0.1</LogAbundanceWeight>
    <MonoMassWeight type="Single">0.01</MonoMassWeight>
    <NetWeight type="Single">0.1</NetWeight>
    <ScanWeight type="Single">0.01</ScanWeight>
  </LCMSFeatureFinding>
  <LCMSFeatureFilters type="node">
    <MaximumChargeState type="Int32">30</MaximumChargeState>
    <MinimumChargeState type="Int32">1</MinimumChargeState>
    <MinimumScanLength type="Int32">1</MinimumScanLength>
    <MinimumAbundance type="Double">0</MinimumAbundance>
    <MaximumMonoisotopicMass type="Double">100000</MaximumMonoisotopicMass>
    <MinimumMonoisotopicMass type="Double">0</MinimumMonoisotopicMass>
    <MinimumIsotopicFit type="Double">0.15</MinimumIsotopicFit>
  </LCMSFeatureFilters>
  <MassTagDatabase type="node">
    <ExperimentFilter type="String">
    </ExperimentFilter>
    <ExperimentExclusionFilter type="String">
    </ExperimentExclusionFilter>
    <OnlyLoadTagsWithDriftTime type="Boolean">False</OnlyLoadTagsWithDriftTime>
    <MinimumXCorr type="Double">0</MinimumXCorr>
    <MinimumObservationCountFilter type="Int32">0</MinimumObservationCountFilter>
    <MinimumPMTScore type="Double">1</MinimumPMTScore>
    <MinimumDiscriminant type="Double">0</MinimumDiscriminant>
    <PeptideProphetVal type="Double">0</PeptideProphetVal>
    <ConfirmedTags type="Boolean">False</ConfirmedTags>
    <NETValType type="Int32">0</NETValType>
  </MassTagDatabase>
  <Alignment type="node">
    <UseSicScanCorrection type="Boolean">False</UseSicScanCorrection>
    <ShouldStoreAlignmentFunction type="Boolean">False</ShouldStoreAlignmentFunction>
    <MassCalibrationLSQNumKnots type="Int32">12</MassCalibrationLSQNumKnots>
    <HistogramDriftTimeBinSize type="Double">1</HistogramDriftTimeBinSize>
    <HistogramNETBinSize type="Double">0.001</HistogramNETBinSize>
    <HistogramMassBinSize type="Double">0.2</HistogramMassBinSize>
    <AlignmentType type="MultiAlignEngine.Alignment.enmAlignmentType">NET_MASS_WARP</AlignmentType>
    <RecalibrationType type="MultiAlignEngine.Alignment.enmCalibrationType">HYBRID_CALIB</RecalibrationType>
    <SplitAlignmentMZ type="Boolean">False</SplitAlignmentMZ>
    <MassCalibrationLSQZScore type="Double">3</MassCalibrationLSQZScore>
    <MassCalibrationMaxJump type="Int32">20</MassCalibrationMaxJump>
    <MassCalibrationMaxZScore type="Double">3</MassCalibrationMaxZScore>
    <MassCalibrationNumMassDeltaBins type="Int32">100</MassCalibrationNumMassDeltaBins>
    <MassCalibrationNumXSlices type="Int32">20</MassCalibrationNumXSlices>
    <MassCalibrationUseLSQ type="Boolean">True</MassCalibrationUseLSQ>
    <MassCalibrationWindow type="Double">100</MassCalibrationWindow>
    <MaxPromiscuity type="Int32">2</MaxPromiscuity>
    <UsePromiscuousPoints type="Boolean">False</UsePromiscuousPoints>
    <MassTolerance type="Double">25</MassTolerance>
    <MaxTimeJump type="Int32">50</MaxTimeJump>
    <NETTolerance type="Double">0.02</NETTolerance>
    <NumTimeSections type="Int32">100</NumTimeSections>
    <ContractionFactor type="Int32">2</ContractionFactor>
  </Alignment>
  <DriftTimeAlignment type="node">
    <ShouldPerformOffset type="Boolean">True</ShouldPerformOffset>
    <UseAllObservationsForOffset type="Boolean">False</UseAllObservationsForOffset>
    <ShouldAlignDriftTimes type="Boolean">False</ShouldAlignDriftTimes>
    <DriftTimeTolerance type="Double">5</DriftTimeTolerance>
    <MassTolerance type="Double">15</MassTolerance>
    <MaxChargeState type="Int32">4</MaxChargeState>
    <MinChargeState type="Int32">1</MinChargeState>
    <NETTolerance type="Double">0.03</NETTolerance>
  </DriftTimeAlignment>
  <LCMSFeatureClustering type="node">
    <ClusteringAlgorithm type="MultiAlignCore.Algorithms.Clustering.ClusteringAlgorithmType">AverageLinkage</ClusteringAlgorithm>
    <AlignClusters type="Boolean">False</AlignClusters>
    <ClusterRepresentativeType type="PNNLOmics.Data.Features.ClusterCentroidRepresentation">Mean</ClusterRepresentativeType>
    <IgnoreCharge type="Boolean">False</IgnoreCharge>
    <DriftTimeTolerance type="Double">0.3</DriftTimeTolerance>
    <MassTolerance type="Double">16</MassTolerance>
    <NETTolerance type="Double">0.014</NETTolerance>
  </LCMSFeatureClustering>
  <STAC type="node">
    <UsePriors type="Boolean">True</UsePriors>
    <WriteResultsBackToMTS type="Boolean">False</WriteResultsBackToMTS>
    <HistogramBinWidth type="Double">0</HistogramBinWidth>
    <HistogramMultiplier type="Double">0</HistogramMultiplier>
    <ShiftAmount type="Double">11</ShiftAmount>
    <ShouldCalculateHistogramFDR type="Boolean">False</ShouldCalculateHistogramFDR>
    <ShouldCalculateShiftFDR type="Boolean">False</ShouldCalculateShiftFDR>
    <ShouldCalculateSLiC type="Boolean">False</ShouldCalculateSLiC>
    <ShouldCalculateSTAC type="Boolean">True</ShouldCalculateSTAC>
    <UseDriftTime type="Boolean">True</UseDriftTime>
    <UseEllipsoid type="Boolean">False</UseEllipsoid>
    <DriftTimeTolerance type="Double">3</DriftTimeTolerance>
    <MassTolerancePPM type="Double">25</MassTolerancePPM>
    <NETTolerance type="Double">0.035</NETTolerance>
    <Refined type="Boolean">False</Refined>
  </STAC>
  <FeatureConsolidator type="node">
    <AbundanceType type="MultiAlignCore.Algorithms.FeatureFinding.AbundanceReportingType">Sum</AbundanceType>
  </FeatureConsolidator>
</PNNLProteomics>